{"color_moments": {"L": {"mean": 53.761495833333335, "skewness": 1.3397865419871684, "std_dev": 39.37240260126141}, "a": {"mean": 128.86062916666666, "skewness": 0.9983300782497954, "std_dev": 2.653883306430278}, "b": {"mean": 131.38830416666667, "skewness": 1.0942488884670596, "std_dev": 2.6457605788914407}}, "dominant_colors": [[36, 39, 38], [18, 22, 25], [56, 63, 72], [114, 123, 142], [19, 18, 27]], "histogram": {"blue": [564.0, 359.0, 476.0, 712.0, 996.0, 1421.0, 1747.0, 1982.0, 1958.0, 2124.0, 2188.0, 2321.0, 2434.0, 2474.0, 2907.0, 2985.0, 3140.0, 3416.0, 3150.0, 2377.0, 2119.0, 1910.0, 1806.0, 1829.0, 1721.0, 1756.0, 1853.0, 2128.0, 2496.0, 3980.0, 3179.0, 2543.0, 4067.0, 5245.0, 7987.0, 8796.0, 8322.0, 7619.0, 9140.0, 6665.0, 4621.0, 8960.0, 13346.0, 13339.0, 6941.0, 3653.0, 2226.0, 1767.0, 1436.0, 1126.0, 1056.0, 961.0, 854.0, 833.0, 785.0, 768.0, 749.0, 755.0, 700.0, 688.0, 694.0, 678.0, 634.0, 589.0, 574.0, 600.0, 581.0, 627.0, 598.0, 578.0, 593.0, 603.0, 625.0, 650.0, 625.0, 600.0, 613.0, 613.0, 626.0, 608.0, 533.0, 578.0, 575.0, 521.0, 588.0, 542.0, 583.0, 557.0, 576.0, 581.0, 639.0, 587.0, 584.0, 590.0, 586.0, 622.0, 586.0, 645.0, 589.0, 569.0, 578.0, 585.0, 568.0, 614.0, 595.0, 562.0, 610.0, 582.0, 556.0, 573.0, 571.0, 648.0, 654.0, 648.0, 678.0, 695.0, 604.0, 591.0, 665.0, 599.0, 607.0, 583.0, 599.0, 485.0, 482.0, 490.0, 411.0, 442.0, 488.0, 459.0, 534.0, 467.0, 484.0, 516.0, 535.0, 448.0, 424.0, 412.0, 411.0, 351.0, 287.0, 283.0, 311.0, 332.0, 298.0, 277.0, 273.0, 211.0, 192.0, 212.0, 201.0, 159.0, 121.0, 114.0, 102.0, 89.0, 64.0, 77.0, 65.0, 54.0, 40.0, 28.0, 6.0, 4.0, 0.0, 0.0, 0.0, 0.0, 0.0, 0.0, 0.0, 0.0, 0.0, 0.0, 0.0, 0.0, 0.0, 0.0, 0.0, 0.0, 0.0, 0.0, 0.0, 0.0, 0.0, 0.0, 0.0, 0.0, 0.0, 0.0, 0.0, 0.0, 0.0, 0.0, 0.0, 0.0, 0.0, 0.0, 0.0, 0.0, 0.0, 0.0, 0.0, 0.0, 0.0, 0.0, 0.0, 0.0, 0.0, 0.0, 0.0, 0.0, 0.0, 0.0, 0.0, 0.0, 0.0, 0.0, 0.0, 0.0, 0.0, 0.0, 0.0, 0.0, 0.0, 0.0, 0.0, 0.0, 0.0, 0.0, 0.0, 0.0, 0.0, 0.0, 0.0, 0.0, 0.0, 0.0, 0.0, 0.0, 0.0, 0.0, 0.0, 0.0, 0.0, 0.0, 0.0, 0.0, 0.0, 0.0, 0.0, 0.0, 0.0, 0.0, 0.0, 0.0], "green": [79.0, 94.0, 179.0, 282.0, 401.0, 596.0, 883.0, 1309.0, 1663.0, 1921.0, 1911.0, 1925.0, 1988.0, 2147.0, 2205.0, 2284.0, 2598.0, 3407.0, 3353.0, 3066.0, 2747.0, 2270.0, 2053.0, 1809.0, 1799.0, 1694.0, 1652.0, 1611.0, 1628.0, 1837.0, 2125.0, 2456.0, 4080.0, 3249.0, 2819.0, 4481.0, 5671.0, 8231.0, 9254.0, 7699.0, 7523.0, 8183.0, 6154.0, 4552.0, 8800.0, 13333.0, 14275.0, 6489.0, 2676.0, 1942.0, 1507.0, 1279.0, 1208.0, 1054.0, 955.0, 918.0, 873.0, 857.0, 782.0, 787.0, 693.0, 724.0, 759.0, 762.0, 695.0, 623.0, 707.0, 654.0, 639.0, 611.0, 601.0, 595.0, 546.0, 575.0, 568.0, 566.0, 603.0, 570.0, 563.0, 590.0, 634.0, 599.0, 559.0, 589.0, 622.0, 576.0, 593.0, 557.0, 551.0, 525.0, 501.0, 501.0, 512.0, 556.0, 469.0, 501.0, 565.0, 587.0, 545.0, 573.0, 568.0, 559.0, 581.0, 545.0, 560.0, 513.0, 497.0, 528.0, 481.0, 489.0, 468.0, 491.0, 486.0, 495.0, 497.0, 493.0, 528.0, 519.0, 578.0, 552.0, 550.0, 518.0, 531.0, 521.0, 525.0, 644.0, 653.0, 626.0, 672.0, 655.0, 629.0, 607.0, 638.0, 569.0, 554.0, 586.0, 504.0, 469.0, 507.0, 448.0, 466.0, 490.0, 536.0, 566.0, 536.0, 506.0, 544.0, 496.0, 464.0, 414.0, 407.0, 363.0, 346.0, 331.0, 307.0, 257.0, 300.0, 242.0, 181.0, 173.0, 159.0, 162.0, 127.0, 110.0, 121.0, 89.0, 69.0, 19.0, 13.0, 8.0, 2.0, 0.0, 0.0, 0.0, 0.0, 0.0, 0.0, 0.0, 0.0, 0.0, 0.0, 0.0, 0.0, 0.0, 0.0, 0.0, 0.0, 0.0, 0.0, 0.0, 0.0, 0.0, 0.0, 0.0, 0.0, 0.0, 0.0, 0.0, 0.0, 0.0, 0.0, 0.0, 0.0, 0.0, 0.0, 0.0, 0.0, 0.0, 0.0, 0.0, 0.0, 0.0, 0.0, 0.0, 0.0, 0.0, 0.0, 0.0, 0.0, 0.0, 0.0, 0.0, 0.0, 0.0, 0.0, 0.0, 0.0, 0.0, 0.0, 0.0, 0.0, 0.0, 0.0, 0.0, 0.0, 0.0, 0.0, 0.0, 0.0, 0.0, 0.0, 0.0, 0.0, 0.0, 0.0, 0.0, 0.0, 0.0, 0.0, 0.0, 0.0, 0.0, 0.0, 0.0, 0.0, 0.0], "red": [90.0, 83.0, 163.0, 285.0, 350.0, 520.0, 673.0, 1059.0, 1259.0, 1592.0, 1815.0, 1721.0, 1804.0, 1782.0, 1912.0, 1882.0, 1726.0, 1737.0, 1661.0, 1654.0, 1745.0, 1922.0, 2071.0, 2216.0, 2698.0, 2549.0, 2153.0, 2222.0, 2216.0, 2345.0, 3807.0, 2942.0, 2507.0, 3647.0, 4819.0, 7779.0, 8215.0, 7089.0, 7611.0, 8994.0, 7426.0, 4715.0, 8264.0, 12535.0, 13151.0, 6287.0, 4627.0, 3529.0, 2285.0, 1932.0, 1627.0, 1440.0, 1307.0, 1215.0, 1160.0, 1059.0, 1008.0, 950.0, 908.0, 851.0, 791.0, 833.0, 730.0, 773.0, 704.0, 661.0, 712.0, 647.0, 656.0, 683.0, 662.0, 602.0, 587.0, 598.0, 572.0, 602.0, 595.0, 563.0, 482.0, 481.0, 527.0, 489.0, 450.0, 461.0, 527.0, 467.0, 448.0, 416.0, 449.0, 444.0, 444.0, 428.0, 451.0, 502.0, 463.0, 481.0, 466.0, 525.0, 465.0, 489.0, 466.0, 475.0, 460.0, 531.0, 482.0, 461.0, 495.0, 489.0, 432.0, 434.0, 532.0, 465.0, 469.0, 489.0, 548.0, 539.0, 510.0, 533.0, 526.0, 509.0, 483.0, 514.0, 477.0, 484.0, 455.0, 447.0, 448.0, 438.0, 449.0, 455.0, 411.0, 455.0, 468.0, 455.0, 470.0, 500.0, 480.0, 524.0, 523.0, 529.0, 471.0, 547.0, 600.0, 601.0, 654.0, 634.0, 648.0, 633.0, 618.0, 592.0, 654.0, 565.0, 513.0, 488.0, 483.0, 463.0, 456.0, 414.0, 413.0, 460.0, 535.0, 537.0, 445.0, 455.0, 452.0, 456.0, 435.0, 375.0, 372.0, 370.0, 344.0, 326.0, 283.0, 293.0, 278.0, 295.0, 239.0, 250.0, 216.0, 196.0, 161.0, 141.0, 109.0, 105.0, 91.0, 64.0, 21.0, 13.0, 7.0, 2.0, 0.0, 0.0, 0.0, 0.0, 0.0, 0.0, 0.0, 0.0, 0.0, 0.0, 0.0, 0.0, 0.0, 0.0, 0.0, 0.0, 0.0, 0.0, 0.0, 0.0, 0.0, 0.0, 0.0, 0.0, 0.0, 0.0, 0.0, 0.0, 0.0, 0.0, 0.0, 0.0, 0.0, 0.0, 0.0, 0.0, 0.0, 0.0, 0.0, 0.0, 0.0, 0.0, 0.0, 0.0, 0.0, 0.0, 0.0, 0.0, 0.0, 0.0, 0.0, 0.0, 0.0, 0.0, 0.0, 0.0, 0.0, 0.0, 0.0, 0.0, 0.0, 0.0, 0.0, 0.0, 0.0, 0.0]}}