{"color_moments": {"L": {"mean": 91.7495784404115, "skewness": 0.4196741376289408, "std_dev": 54.87209749940846}, "a": {"mean": 137.39254274230072, "skewness": 0.926775183615744, "std_dev": 14.063859845928683}, "b": {"mean": 146.90933436044256, "skewness": 1.2316452327314313, "std_dev": 16.26709078365536}}, "dominant_colors": [[44, 65, 81], [8, 34, 49], [123, 150, 166], [35, 96, 165], [77, 55, 114]], "histogram": {"blue": [60596.0, 15389.0, 16885.0, 17488.0, 17448.0, 17236.0, 16309.0, 15791.0, 14563.0, 13947.0, 13752.0, 12834.0, 12165.0, 11951.0, 11541.0, 11387.0, 10795.0, 10672.0, 10506.0, 10385.0, 10495.0, 9706.0, 9510.0, 8911.0, 8728.0, 8551.0, 8099.0, 7985.0, 7815.0, 7720.0, 7802.0, 7640.0, 8063.0, 7748.0, 7760.0, 7446.0, 7600.0, 7314.0, 7610.0, 7338.0, 7633.0, 7633.0, 7347.0, 7323.0, 7132.0, 7057.0, 7068.0, 7046.0, 7087.0, 6762.0, 6754.0, 6549.0, 6215.0, 6046.0, 6125.0, 6029.0, 6126.0, 5862.0, 5808.0, 5636.0, 5504.0, 5571.0, 5379.0, 5413.0, 5356.0, 5382.0, 5281.0, 5327.0, 5351.0, 5143.0, 5118.0, 5097.0, 5044.0, 4843.0, 4957.0, 4842.0, 4781.0, 4703.0, 4551.0, 4564.0, 4500.0, 4506.0, 4355.0, 4297.0, 4218.0, 4293.0, 4252.0, 4186.0, 4162.0, 4026.0, 4143.0, 4239.0, 4024.0, 4092.0, 4042.0, 3984.0, 4174.0, 4016.0, 3979.0, 3987.0, 3913.0, 4048.0, 3919.0, 4000.0, 3787.0, 3929.0, 3676.0, 3676.0, 3711.0, 3583.0, 3566.0, 3473.0, 3421.0, 3229.0, 3209.0, 3242.0, 3020.0, 3018.0, 2881.0, 2917.0, 2897.0, 2855.0, 3135.0, 2791.0, 2672.0, 2533.0, 2348.0, 2425.0, 2297.0, 2341.0, 2190.0, 2214.0, 2218.0, 2118.0, 1957.0, 1984.0, 1961.0, 1945.0, 2026.0, 1776.0, 1803.0, 1666.0, 1630.0, 1595.0, 1616.0, 1491.0, 1520.0, 1481.0, 1430.0, 1443.0, 1369.0, 1337.0, 1302.0, 1268.0, 1224.0, 1234.0, 1235.0, 1262.0, 1135.0, 1165.0, 1153.0, 1187.0, 1113.0, 1032.0, 1047.0, 959.0, 905.0, 929.0, 866.0, 917.0, 868.0, 823.0, 835.0, 770.0, 733.0, 723.0, 732.0, 687.0, 639.0, 676.0, 665.0, 634.0, 654.0, 631.0, 637.0, 577.0, 570.0, 537.0, 536.0, 557.0, 541.0, 574.0, 534.0, 528.0, 499.0, 442.0, 457.0, 491.0, 515.0, 448.0, 441.0, 473.0, 464.0, 436.0, 412.0, 395.0, 403.0, 402.0, 359.0, 360.0, 335.0, 358.0, 353.0, 318.0, 306.0, 289.0, 262.0, 275.0, 264.0, 274.0, 275.0, 246.0, 212.0, 225.0, 177.0, 203.0, 193.0, 196.0, 192.0, 174.0, 153.0, 131.0, 150.0, 126.0, 121.0, 106.0, 106.0, 94.0, 80.0, 93.0, 74.0, 73.0, 57.0, 61.0, 63.0, 35.0, 51.0, 34.0, 42.0, 28.0, 34.0, 16.0, 7.0, 7.0, 5.0, 36.0], "green": [7844.0, 3775.0, 4597.0, 5109.0, 5587.0, 5539.0, 5773.0, 5668.0, 5630.0, 5506.0, 5127.0, 5107.0, 5228.0, 5305.0, 5256.0, 5181.0, 5492.0, 5630.0, 5625.0, 5847.0, 6176.0, 6356.0, 6504.0, 6631.0, 7113.0, 7654.0, 8014.0, 8222.0, 8766.0, 8197.0, 8144.0, 8053.0, 8346.0, 8361.0, 8525.0, 8320.0, 8821.0, 8283.0, 7840.0, 7558.0, 7622.0, 7585.0, 7255.0, 7127.0, 7189.0, 7530.0, 7320.0, 7215.0, 7007.0, 7085.0, 6771.0, 7221.0, 6659.0, 6770.0, 6710.0, 6704.0, 6920.0, 7178.0, 7180.0, 7192.0, 7295.0, 7279.0, 7603.0, 7453.0, 7388.0, 7157.0, 7418.0, 7172.0, 7125.0, 7081.0, 7042.0, 7209.0, 7021.0, 7310.0, 7002.0, 6946.0, 6990.0, 6894.0, 6762.0, 6782.0, 6630.0, 6610.0, 6654.0, 6559.0, 6704.0, 6535.0, 6643.0, 6881.0, 6806.0, 6537.0, 6497.0, 6332.0, 6141.0, 5875.0, 6033.0, 5796.0, 5645.0, 5722.0, 5625.0, 5638.0, 5421.0, 5382.0, 5307.0, 5356.0, 5205.0, 5129.0, 5096.0, 5033.0, 4915.0, 4918.0, 4972.0, 5136.0, 5302.0, 5391.0, 5164.0, 4914.0, 4863.0, 4832.0, 4787.0, 4871.0, 4665.0, 4626.0, 4607.0, 4653.0, 4273.0, 4214.0, 4117.0, 4013.0, 3837.0, 4021.0, 4015.0, 3860.0, 3597.0, 3384.0, 3344.0, 3318.0, 3316.0, 3124.0, 3099.0, 3134.0, 2983.0, 2973.0, 2930.0, 2900.0, 2771.0, 2710.0, 2594.0, 2626.0, 2525.0, 2513.0, 2367.0, 2428.0, 2426.0, 2443.0, 2218.0, 2163.0, 2209.0, 2158.0, 2088.0, 2030.0, 2119.0, 2020.0, 1936.0, 1873.0, 1878.0, 1762.0, 1699.0, 1733.0, 1669.0, 1712.0, 1640.0, 1622.0, 1550.0, 1594.0, 1544.0, 1481.0, 1514.0, 1533.0, 1328.0, 1412.0, 1380.0, 1381.0, 1319.0, 1245.0, 1356.0, 1266.0, 1189.0, 1245.0, 1148.0, 1171.0, 1130.0, 1093.0, 1049.0, 1030.0, 1024.0, 1040.0, 1003.0, 999.0, 989.0, 968.0, 959.0, 931.0, 895.0, 892.0, 823.0, 834.0, 851.0, 829.0, 782.0, 784.0, 718.0, 762.0, 765.0, 715.0, 676.0, 700.0, 631.0, 629.0, 609.0, 571.0, 513.0, 552.0, 523.0, 478.0, 529.0, 480.0, 497.0, 444.0, 417.0, 430.0, 397.0, 403.0, 396.0, 333.0, 337.0, 362.0, 343.0, 359.0, 322.0, 323.0, 285.0, 308.0, 284.0, 275.0, 283.0, 265.0, 263.0, 237.0, 234.0, 216.0, 196.0, 179.0, 172.0, 141.0, 146.0, 254.0], "red": [131.0, 224.0, 315.0, 545.0, 912.0, 1240.0, 1358.0, 1762.0, 1913.0, 1794.0, 1844.0, 2037.0, 2389.0, 2480.0, 2686.0, 3056.0, 3118.0, 3312.0, 3801.0, 3953.0, 3997.0, 4067.0, 4220.0, 4356.0, 4203.0, 4217.0, 4324.0, 4754.0, 4759.0, 5086.0, 4965.0, 4992.0, 5138.0, 5305.0, 5563.0, 6506.0, 6058.0, 6223.0, 5837.0, 6287.0, 6125.0, 6299.0, 6553.0, 6700.0, 5951.0, 5905.0, 6186.0, 6072.0, 6267.0, 5979.0, 5940.0, 6090.0, 6116.0, 5840.0, 5493.0, 5759.0, 5283.0, 5322.0, 5167.0, 5131.0, 4803.0, 4664.0, 4572.0, 4379.0, 4360.0, 4367.0, 4390.0, 4432.0, 4497.0, 4631.0, 4637.0, 4591.0, 4660.0, 4678.0, 4598.0, 4731.0, 4765.0, 4742.0, 4679.0, 4833.0, 4939.0, 4837.0, 4840.0, 4984.0, 5144.0, 5111.0, 5222.0, 5310.0, 5530.0, 5523.0, 5816.0, 5616.0, 5868.0, 5871.0, 5843.0, 5896.0, 6030.0, 5755.0, 5855.0, 5555.0, 5508.0, 5550.0, 5643.0, 5564.0, 5610.0, 5620.0, 5616.0, 5627.0, 5605.0, 5613.0, 5449.0, 5468.0, 5503.0, 5558.0, 5307.0, 5548.0, 5374.0, 5436.0, 5636.0, 5585.0, 5783.0, 5650.0, 5754.0, 5637.0, 5731.0, 5527.0, 5575.0, 5365.0, 5551.0, 5537.0, 5467.0, 5402.0, 5404.0, 5509.0, 5427.0, 5624.0, 5774.0, 6077.0, 5980.0, 5856.0, 5730.0, 5688.0, 5727.0, 5672.0, 5730.0, 5965.0, 5515.0, 5528.0, 5600.0, 5277.0, 5141.0, 5045.0, 4710.0, 4729.0, 4649.0, 4546.0, 4467.0, 4341.0, 4329.0, 4254.0, 4172.0, 4119.0, 4156.0, 4088.0, 3884.0, 3874.0, 3787.0, 3738.0, 3707.0, 3603.0, 3394.0, 3439.0, 3335.0, 3143.0, 3012.0, 3070.0, 2957.0, 2975.0, 2852.0, 2798.0, 2663.0, 2821.0, 2754.0, 2620.0, 2503.0, 2503.0, 2521.0, 2410.0, 2473.0, 2332.0, 2332.0, 2213.0, 2224.0, 2201.0, 2181.0, 2101.0, 1923.0, 1963.0, 1969.0, 1930.0, 1888.0, 1888.0, 1847.0, 1883.0, 1800.0, 1789.0, 1760.0, 1715.0, 1685.0, 1661.0, 1624.0, 1644.0, 1615.0, 1501.0, 1570.0, 1521.0, 1526.0, 1505.0, 1446.0, 1410.0, 1420.0, 1464.0, 1371.0, 1347.0, 1458.0, 1351.0, 1403.0, 1443.0, 1418.0, 1488.0, 1442.0, 1428.0, 1452.0, 1469.0, 1395.0, 1494.0, 1391.0, 1328.0, 1430.0, 1361.0, 1412.0, 1324.0, 1291.0, 1313.0, 1181.0, 1220.0, 1237.0, 1230.0, 1189.0, 1204.0, 1163.0, 1196.0, 1152.0, 1131.0, 1202.0, 6816.0]}}