{"color_moments": {"L": {"mean": 67.71092829349638, "skewness": 1.4858819848700608, "std_dev": 53.768216873164995}, "a": {"mean": 128.46210950528072, "skewness": 1.3520264865174751, "std_dev": 0.9148357833628397}, "b": {"mean": 129.22567537520845, "skewness": 1.027788576320936, "std_dev": 1.8546829473366215}}, "dominant_colors": [[33, 33, 33], [52, 55, 56], [41, 39, 41], [175, 182, 190], [121, 125, 132]], "histogram": {"blue": [0.0, 0.0, 0.0, 0.0, 0.0, 0.0, 0.0, 0.0, 0.0, 0.0, 0.0, 0.0, 0.0, 0.0, 0.0, 0.0, 1.0, 3.0, 17.0, 41.0, 119.0, 321.0, 801.0, 1739.0, 3074.0, 4547.0, 6130.0, 7337.0, 8893.0, 9826.0, 10693.0, 11697.0, 12297.0, 12798.0, 12957.0, 12991.0, 12310.0, 11539.0, 10692.0, 9962.0, 9115.0, 8472.0, 8069.0, 7663.0, 7305.0, 6816.0, 6617.0, 6245.0, 5679.0, 5328.0, 4896.0, 4303.0, 4004.0, 3598.0, 3140.0, 2758.0, 2620.0, 2332.0, 2039.0, 1835.0, 1770.0, 1591.0, 1466.0, 1419.0, 1248.0, 1166.0, 1102.0, 1037.0, 913.0, 930.0, 900.0, 755.0, 781.0, 721.0, 710.0, 674.0, 674.0, 596.0, 570.0, 582.0, 546.0, 552.0, 511.0, 482.0, 487.0, 497.0, 475.0, 419.0, 424.0, 448.0, 443.0, 433.0, 439.0, 411.0, 450.0, 429.0, 476.0, 414.0, 421.0, 407.0, 422.0, 412.0, 411.0, 391.0, 413.0, 416.0, 416.0, 429.0, 420.0, 442.0, 422.0, 453.0, 420.0, 439.0, 461.0, 458.0, 427.0, 448.0, 438.0, 457.0, 507.0, 452.0, 527.0, 509.0, 538.0, 528.0, 549.0, 562.0, 551.0, 534.0, 550.0, 537.0, 596.0, 551.0, 557.0, 569.0, 545.0, 548.0, 557.0, 540.0, 568.0, 570.0, 563.0, 620.0, 608.0, 628.0, 683.0, 680.0, 668.0, 689.0, 691.0, 730.0, 744.0, 724.0, 704.0, 741.0, 682.0, 711.0, 661.0, 732.0, 748.0, 729.0, 732.0, 808.0, 765.0, 737.0, 694.0, 756.0, 732.0, 748.0, 699.0, 716.0, 685.0, 779.0, 781.0, 901.0, 921.0, 974.0, 1019.0, 1132.0, 1212.0, 1290.0, 1338.0, 1299.0, 1205.0, 1148.0, 989.0, 887.0, 853.0, 713.0, 679.0, 638.0, 650.0, 690.0, 727.0, 914.0, 917.0, 1041.0, 709.0, 508.0, 104.0, 36.0, 5.0, 2.0, 1.0, 2.0, 0.0, 0.0, 0.0, 0.0, 0.0, 0.0, 0.0, 0.0, 0.0, 0.0, 0.0, 0.0, 0.0, 0.0, 0.0, 0.0, 0.0, 0.0, 0.0, 0.0, 0.0, 0.0, 0.0, 0.0, 0.0, 0.0, 0.0, 0.0, 0.0, 0.0, 0.0, 0.0, 0.0, 0.0, 0.0, 0.0, 0.0, 0.0, 0.0, 0.0, 0.0, 0.0, 0.0, 0.0, 0.0, 0.0, 0.0, 0.0, 0.0, 0.0], "green": [0.0, 0.0, 0.0, 0.0, 0.0, 0.0, 0.0, 0.0, 0.0, 0.0, 0.0, 0.0, 0.0, 0.0, 0.0, 0.0, 1.0, 3.0, 17.0, 43.0, 128.0, 335.0, 800.0, 1762.0, 3180.0, 4673.0, 6372.0, 7686.0, 9219.0, 10092.0, 10965.0, 12293.0, 12712.0, 12859.0, 13061.0, 12471.0, 11471.0, 10845.0, 9433.0, 8463.0, 7619.0, 6918.0, 6571.0, 6244.0, 6183.0, 6100.0, 5929.0, 5646.0, 5680.0, 5498.0, 5187.0, 5079.0, 4872.0, 4308.0, 4067.0, 3684.0, 3315.0, 2931.0, 2694.0, 2371.0, 2096.0, 1907.0, 1787.0, 1578.0, 1451.0, 1273.0, 1232.0, 1133.0, 964.0, 1010.0, 925.0, 889.0, 789.0, 796.0, 734.0, 698.0, 623.0, 686.0, 634.0, 582.0, 568.0, 507.0, 528.0, 552.0, 499.0, 507.0, 492.0, 455.0, 467.0, 449.0, 423.0, 407.0, 435.0, 402.0, 441.0, 427.0, 420.0, 428.0, 407.0, 473.0, 414.0, 414.0, 387.0, 421.0, 420.0, 367.0, 391.0, 399.0, 434.0, 386.0, 430.0, 403.0, 401.0, 449.0, 433.0, 439.0, 407.0, 449.0, 417.0, 464.0, 438.0, 427.0, 458.0, 424.0, 447.0, 492.0, 506.0, 480.0, 483.0, 502.0, 503.0, 528.0, 506.0, 518.0, 481.0, 561.0, 520.0, 511.0, 521.0, 523.0, 478.0, 468.0, 514.0, 516.0, 507.0, 493.0, 509.0, 507.0, 523.0, 506.0, 586.0, 607.0, 626.0, 642.0, 593.0, 616.0, 651.0, 644.0, 657.0, 714.0, 680.0, 683.0, 697.0, 678.0, 708.0, 685.0, 696.0, 717.0, 705.0, 759.0, 728.0, 743.0, 781.0, 691.0, 745.0, 770.0, 768.0, 693.0, 750.0, 728.0, 736.0, 802.0, 932.0, 1015.0, 1094.0, 1098.0, 1207.0, 1308.0, 1348.0, 1388.0, 1335.0, 1183.0, 1125.0, 931.0, 800.0, 758.0, 662.0, 641.0, 607.0, 608.0, 595.0, 574.0, 595.0, 605.0, 927.0, 969.0, 935.0, 199.0, 45.0, 2.0, 1.0, 5.0, 0.0, 0.0, 0.0, 0.0, 0.0, 0.0, 0.0, 0.0, 0.0, 0.0, 0.0, 0.0, 0.0, 0.0, 0.0, 0.0, 0.0, 0.0, 0.0, 0.0, 0.0, 0.0, 0.0, 0.0, 0.0, 0.0, 0.0, 0.0, 0.0, 0.0, 0.0, 0.0, 0.0, 0.0, 0.0, 0.0, 0.0, 0.0, 0.0, 0.0, 0.0, 0.0, 0.0, 0.0], "red": [0.0, 0.0, 0.0, 0.0, 0.0, 0.0, 0.0, 0.0, 0.0, 0.0, 0.0, 0.0, 0.0, 0.0, 0.0, 0.0, 1.0, 3.0, 17.0, 43.0, 126.0, 334.0, 797.0, 1755.0, 3168.0, 4646.0, 6333.0, 7608.0, 9113.0, 9919.0, 10653.0, 11862.0, 12129.0, 12270.0, 12247.0, 11791.0, 11131.0, 10498.0, 9302.0, 8430.0, 7466.0, 6864.0, 6565.0, 6135.0, 5935.0, 5836.0, 5841.0, 5654.0, 5467.0, 5501.0, 5359.0, 5129.0, 4881.0, 4729.0, 4252.0, 3992.0, 3563.0, 3236.0, 2809.0, 2666.0, 2335.0, 2045.0, 1839.0, 1660.0, 1495.0, 1453.0, 1335.0, 1240.0, 1107.0, 992.0, 1037.0, 957.0, 855.0, 816.0, 759.0, 731.0, 685.0, 697.0, 662.0, 636.0, 565.0, 578.0, 557.0, 543.0, 524.0, 451.0, 459.0, 492.0, 489.0, 478.0, 459.0, 443.0, 424.0, 428.0, 398.0, 404.0, 381.0, 425.0, 382.0, 389.0, 409.0, 361.0, 419.0, 394.0, 409.0, 422.0, 403.0, 401.0, 381.0, 399.0, 365.0, 395.0, 403.0, 394.0, 375.0, 401.0, 424.0, 408.0, 404.0, 429.0, 435.0, 392.0, 420.0, 431.0, 454.0, 424.0, 415.0, 433.0, 440.0, 454.0, 408.0, 447.0, 425.0, 482.0, 525.0, 495.0, 492.0, 487.0, 451.0, 510.0, 498.0, 511.0, 516.0, 505.0, 498.0, 469.0, 481.0, 493.0, 479.0, 472.0, 503.0, 484.0, 483.0, 493.0, 496.0, 507.0, 493.0, 542.0, 519.0, 599.0, 619.0, 573.0, 592.0, 596.0, 611.0, 612.0, 676.0, 694.0, 697.0, 651.0, 657.0, 648.0, 694.0, 684.0, 662.0, 706.0, 736.0, 677.0, 706.0, 718.0, 679.0, 768.0, 734.0, 706.0, 718.0, 736.0, 666.0, 687.0, 717.0, 748.0, 803.0, 922.0, 924.0, 1018.0, 1120.0, 1182.0, 1287.0, 1395.0, 1397.0, 1337.0, 1123.0, 1053.0, 887.0, 788.0, 769.0, 617.0, 635.0, 595.0, 580.0, 597.0, 568.0, 617.0, 577.0, 854.0, 936.0, 908.0, 176.0, 43.0, 6.0, 0.0, 0.0, 0.0, 0.0, 0.0, 0.0, 0.0, 0.0, 0.0, 0.0, 0.0, 0.0, 0.0, 0.0, 0.0, 0.0, 0.0, 0.0, 0.0, 0.0, 0.0, 0.0, 0.0, 0.0, 0.0, 0.0, 0.0, 0.0, 0.0, 0.0, 0.0, 0.0, 0.0, 0.0, 0.0, 0.0, 0.0]}}