{"color_moments": {"L": {"mean": 140.59541539316476, "skewness": -0.4846022043144157, "std_dev": 58.213775641615484}, "a": {"mean": 135.86530980828007, "skewness": 0.4937300028815521, "std_dev": 10.467403443606557}, "b": {"mean": 140.2797165879411, "skewness": 0.44595506062112594, "std_dev": 8.75390135406044}}, "dominant_colors": [[105, 116, 116], [131, 154, 219], [198, 210, 215], [53, 68, 108], [17, 21, 24]], "histogram": {"blue": [248.0, 54.0, 100.0, 125.0, 99.0, 71.0, 92.0, 111.0, 173.0, 171.0, 159.0, 202.0, 240.0, 246.0, 315.0, 401.0, 390.0, 471.0, 494.0, 416.0, 439.0, 393.0, 434.0, 283.0, 226.0, 166.0, 118.0, 105.0, 107.0, 84.0, 98.0, 69.0, 71.0, 93.0, 88.0, 108.0, 140.0, 130.0, 130.0, 122.0, 155.0, 179.0, 160.0, 178.0, 189.0, 145.0, 159.0, 182.0, 160.0, 153.0, 169.0, 155.0, 133.0, 159.0, 151.0, 146.0, 159.0, 157.0, 125.0, 154.0, 149.0, 143.0, 143.0, 135.0, 148.0, 146.0, 148.0, 154.0, 135.0, 168.0, 150.0, 140.0, 143.0, 162.0, 142.0, 155.0, 171.0, 142.0, 160.0, 143.0, 133.0, 188.0, 179.0, 166.0, 170.0, 168.0, 186.0, 205.0, 199.0, 281.0, 400.0, 394.0, 374.0, 441.0, 454.0, 558.0, 665.0, 689.0, 891.0, 1247.0, 1531.0, 1592.0, 1355.0, 1631.0, 1971.0, 1576.0, 1917.0, 1499.0, 1481.0, 1541.0, 1304.0, 932.0, 852.0, 851.0, 731.0, 809.0, 575.0, 463.0, 388.0, 388.0, 379.0, 366.0, 376.0, 393.0, 360.0, 357.0, 382.0, 344.0, 368.0, 347.0, 389.0, 408.0, 419.0, 405.0, 418.0, 392.0, 410.0, 408.0, 399.0, 372.0, 363.0, 382.0, 358.0, 363.0, 353.0, 308.0, 374.0, 358.0, 327.0, 353.0, 328.0, 315.0, 344.0, 346.0, 371.0, 346.0, 343.0, 308.0, 333.0, 296.0, 312.0, 312.0, 277.0, 265.0, 227.0, 227.0, 229.0, 186.0, 191.0, 183.0, 189.0, 193.0, 173.0, 175.0, 154.0, 141.0, 143.0, 137.0, 152.0, 134.0, 122.0, 130.0, 103.0, 116.0, 113.0, 86.0, 80.0, 109.0, 92.0, 77.0, 75.0, 83.0, 52.0, 83.0, 75.0, 49.0, 79.0, 75.0, 55.0, 66.0, 73.0, 78.0, 85.0, 78.0, 98.0, 97.0, 94.0, 87.0, 99.0, 102.0, 112.0, 113.0, 110.0, 92.0, 120.0, 162.0, 201.0, 196.0, 193.0, 169.0, 172.0, 206.0, 214.0, 246.0, 301.0, 313.0, 344.0, 261.0, 279.0, 231.0, 242.0, 181.0, 145.0, 126.0, 132.0, 83.0, 77.0, 65.0, 46.0, 41.0, 29.0, 17.0, 14.0, 23.0, 8.0, 9.0, 6.0, 5.0, 6.0, 4.0, 5.0, 3.0, 3.0, 0.0, 1.0, 0.0], "green": [85.0, 26.0, 40.0, 32.0, 77.0, 115.0, 103.0, 89.0, 80.0, 78.0, 101.0, 162.0, 173.0, 184.0, 185.0, 234.0, 256.0, 303.0, 365.0, 377.0, 462.0, 456.0, 423.0, 436.0, 396.0, 416.0, 270.0, 210.0, 152.0, 87.0, 62.0, 65.0, 44.0, 48.0, 48.0, 51.0, 46.0, 40.0, 61.0, 46.0, 66.0, 63.0, 78.0, 56.0, 72.0, 83.0, 84.0, 96.0, 99.0, 125.0, 135.0, 159.0, 145.0, 151.0, 145.0, 166.0, 155.0, 142.0, 150.0, 146.0, 159.0, 154.0, 125.0, 130.0, 124.0, 140.0, 123.0, 149.0, 135.0, 123.0, 112.0, 119.0, 126.0, 117.0, 122.0, 125.0, 125.0, 131.0, 121.0, 133.0, 116.0, 127.0, 142.0, 126.0, 115.0, 121.0, 125.0, 147.0, 125.0, 126.0, 126.0, 113.0, 114.0, 115.0, 124.0, 127.0, 131.0, 104.0, 168.0, 233.0, 318.0, 308.0, 295.0, 412.0, 454.0, 467.0, 606.0, 813.0, 757.0, 931.0, 1149.0, 1530.0, 1276.0, 1382.0, 1630.0, 1336.0, 1514.0, 1475.0, 1383.0, 1161.0, 1496.0, 1154.0, 850.0, 732.0, 782.0, 717.0, 702.0, 397.0, 357.0, 325.0, 297.0, 298.0, 285.0, 312.0, 301.0, 307.0, 318.0, 310.0, 320.0, 327.0, 308.0, 321.0, 338.0, 315.0, 295.0, 321.0, 297.0, 338.0, 325.0, 331.0, 324.0, 355.0, 359.0, 367.0, 331.0, 353.0, 349.0, 375.0, 324.0, 374.0, 380.0, 373.0, 371.0, 412.0, 405.0, 420.0, 414.0, 446.0, 397.0, 399.0, 408.0, 382.0, 429.0, 373.0, 382.0, 356.0, 381.0, 364.0, 412.0, 371.0, 341.0, 346.0, 356.0, 321.0, 343.0, 292.0, 274.0, 293.0, 284.0, 264.0, 239.0, 243.0, 205.0, 203.0, 187.0, 181.0, 220.0, 215.0, 196.0, 194.0, 173.0, 190.0, 195.0, 171.0, 181.0, 163.0, 159.0, 159.0, 171.0, 156.0, 140.0, 138.0, 137.0, 138.0, 138.0, 161.0, 165.0, 184.0, 154.0, 143.0, 197.0, 221.0, 191.0, 239.0, 200.0, 209.0, 266.0, 366.0, 338.0, 324.0, 330.0, 323.0, 239.0, 241.0, 216.0, 175.0, 156.0, 147.0, 82.0, 63.0, 57.0, 38.0, 34.0, 20.0, 22.0, 21.0, 12.0, 7.0, 10.0, 11.0, 10.0, 4.0, 7.0, 5.0, 4.0, 5.0], "red": [3.0, 12.0, 13.0, 38.0, 36.0, 34.0, 46.0, 42.0, 64.0, 98.0, 105.0, 118.0, 117.0, 140.0, 151.0, 146.0, 162.0, 158.0, 168.0, 207.0, 246.0, 272.0, 322.0, 342.0, 409.0, 424.0, 375.0, 394.0, 359.0, 394.0, 239.0, 200.0, 130.0, 71.0, 38.0, 40.0, 27.0, 31.0, 28.0, 17.0, 21.0, 16.0, 18.0, 13.0, 9.0, 13.0, 14.0, 16.0, 16.0, 21.0, 19.0, 32.0, 18.0, 22.0, 21.0, 25.0, 22.0, 22.0, 33.0, 29.0, 37.0, 42.0, 52.0, 38.0, 52.0, 55.0, 39.0, 47.0, 68.0, 63.0, 64.0, 80.0, 86.0, 85.0, 81.0, 82.0, 94.0, 112.0, 113.0, 116.0, 106.0, 119.0, 109.0, 124.0, 130.0, 109.0, 120.0, 114.0, 119.0, 129.0, 110.0, 104.0, 111.0, 94.0, 95.0, 94.0, 117.0, 108.0, 108.0, 185.0, 279.0, 309.0, 270.0, 394.0, 376.0, 486.0, 680.0, 760.0, 802.0, 1137.0, 1178.0, 1430.0, 1193.0, 1384.0, 1575.0, 1470.0, 1494.0, 1336.0, 1547.0, 1130.0, 870.0, 688.0, 680.0, 570.0, 617.0, 366.0, 273.0, 234.0, 186.0, 157.0, 179.0, 159.0, 141.0, 161.0, 121.0, 128.0, 123.0, 126.0, 130.0, 114.0, 117.0, 111.0, 125.0, 115.0, 108.0, 128.0, 134.0, 111.0, 123.0, 117.0, 137.0, 138.0, 128.0, 122.0, 95.0, 115.0, 106.0, 139.0, 98.0, 115.0, 108.0, 138.0, 109.0, 137.0, 117.0, 146.0, 154.0, 144.0, 133.0, 156.0, 167.0, 162.0, 190.0, 154.0, 157.0, 188.0, 184.0, 194.0, 206.0, 216.0, 223.0, 218.0, 230.0, 235.0, 214.0, 195.0, 259.0, 222.0, 217.0, 236.0, 271.0, 223.0, 233.0, 241.0, 279.0, 248.0, 296.0, 311.0, 322.0, 304.0, 336.0, 292.0, 312.0, 313.0, 319.0, 311.0, 336.0, 336.0, 329.0, 367.0, 370.0, 358.0, 393.0, 380.0, 386.0, 395.0, 374.0, 453.0, 455.0, 527.0, 485.0, 491.0, 487.0, 577.0, 625.0, 600.0, 593.0, 602.0, 596.0, 552.0, 625.0, 693.0, 706.0, 683.0, 709.0, 691.0, 616.0, 650.0, 573.0, 550.0, 526.0, 509.0, 404.0, 365.0, 355.0, 341.0, 380.0, 354.0, 379.0, 357.0, 303.0, 336.0, 308.0, 282.0, 238.0, 998.0]}}