{"color_moments": {"L": {"mean": 125.26639115646259, "skewness": -0.25243493426545993, "std_dev": 70.67954720352003}, "a": {"mean": 128.99840136054422, "skewness": 0.9273784243985714, "std_dev": 5.208520377149525}, "b": {"mean": 137.4203843537415, "skewness": 0.3563892426799238, "std_dev": 8.748730216236519}}, "dominant_colors": [[49, 73, 80], [110, 140, 166], [174, 184, 188], [16, 21, 15], [209, 202, 201]], "histogram": {"blue": [109.0, 43.0, 55.0, 103.0, 181.0, 350.0, 802.0, 2065.0, 1999.0, 2022.0, 1915.0, 2261.0, 3099.0, 4412.0, 5358.0, 5540.0, 4742.0, 3202.0, 2364.0, 1917.0, 1680.0, 1491.0, 1353.0, 1348.0, 1282.0, 1238.0, 1231.0, 1168.0, 1207.0, 1350.0, 1416.0, 1465.0, 1497.0, 1535.0, 1452.0, 1461.0, 1498.0, 1553.0, 1679.0, 1697.0, 1774.0, 1778.0, 1845.0, 1779.0, 1809.0, 1740.0, 1588.0, 1597.0, 1580.0, 1499.0, 1553.0, 1425.0, 1487.0, 1371.0, 1362.0, 1382.0, 1355.0, 1312.0, 1316.0, 1272.0, 1216.0, 1233.0, 1205.0, 1155.0, 1159.0, 1142.0, 1114.0, 1078.0, 1110.0, 1153.0, 1052.0, 1045.0, 1167.0, 1099.0, 1116.0, 1113.0, 1138.0, 1143.0, 1109.0, 1167.0, 1141.0, 1161.0, 1182.0, 1213.0, 1174.0, 1183.0, 1190.0, 1220.0, 1159.0, 1230.0, 1234.0, 1307.0, 1310.0, 1283.0, 1238.0, 1290.0, 1339.0, 1326.0, 1242.0, 1285.0, 1286.0, 1331.0, 1291.0, 1283.0, 1238.0, 1260.0, 1235.0, 1245.0, 1176.0, 1143.0, 1139.0, 1091.0, 979.0, 994.0, 934.0, 952.0, 972.0, 930.0, 946.0, 1041.0, 1034.0, 1039.0, 1070.0, 1068.0, 1069.0, 1097.0, 1121.0, 1167.0, 1161.0, 1221.0, 1291.0, 1281.0, 1408.0, 1387.0, 1463.0, 1595.0, 1598.0, 1535.0, 1518.0, 1487.0, 1507.0, 1526.0, 1437.0, 1388.0, 1267.0, 1140.0, 1101.0, 1101.0, 950.0, 974.0, 931.0, 889.0, 831.0, 902.0, 881.0, 835.0, 857.0, 793.0, 803.0, 808.0, 839.0, 827.0, 783.0, 807.0, 878.0, 860.0, 895.0, 854.0, 886.0, 895.0, 870.0, 825.0, 804.0, 821.0, 849.0, 845.0, 809.0, 793.0, 811.0, 847.0, 813.0, 848.0, 794.0, 780.0, 776.0, 754.0, 800.0, 782.0, 838.0, 860.0, 885.0, 898.0, 914.0, 1010.0, 983.0, 980.0, 1109.0, 1020.0, 1077.0, 1174.0, 1216.0, 1295.0, 1287.0, 1319.0, 1265.0, 1270.0, 1244.0, 1220.0, 1289.0, 1255.0, 1206.0, 1191.0, 1138.0, 1130.0, 1211.0, 1109.0, 1083.0, 1080.0, 1048.0, 1051.0, 991.0, 1026.0, 996.0, 1009.0, 963.0, 872.0, 885.0, 906.0, 859.0, 778.0, 675.0, 691.0, 655.0, 583.0, 544.0, 538.0, 441.0, 456.0, 392.0, 287.0, 254.0, 210.0, 207.0, 178.0, 152.0, 137.0, 109.0, 108.0, 112.0, 96.0, 89.0, 80.0, 77.0, 80.0, 84.0, 298.0], "green": [3.0, 0.0, 3.0, 5.0, 6.0, 26.0, 139.0, 364.0, 1504.0, 1487.0, 1563.0, 1587.0, 1656.0, 2032.0, 3149.0, 4281.0, 4704.0, 4487.0, 3188.0, 2256.0, 1702.0, 1418.0, 1261.0, 1201.0, 1031.0, 996.0, 848.0, 754.0, 795.0, 760.0, 682.0, 718.0, 773.0, 815.0, 874.0, 888.0, 917.0, 874.0, 804.0, 854.0, 905.0, 902.0, 855.0, 837.0, 791.0, 828.0, 791.0, 886.0, 849.0, 844.0, 919.0, 1033.0, 1073.0, 1105.0, 1140.0, 1142.0, 1279.0, 1275.0, 1334.0, 1393.0, 1372.0, 1424.0, 1377.0, 1423.0, 1505.0, 1541.0, 1606.0, 1548.0, 1476.0, 1449.0, 1482.0, 1408.0, 1333.0, 1385.0, 1383.0, 1368.0, 1412.0, 1359.0, 1315.0, 1254.0, 1197.0, 1190.0, 1124.0, 1084.0, 1121.0, 1023.0, 1037.0, 974.0, 1013.0, 956.0, 930.0, 965.0, 902.0, 920.0, 943.0, 880.0, 863.0, 831.0, 808.0, 852.0, 828.0, 814.0, 846.0, 821.0, 843.0, 820.0, 883.0, 875.0, 847.0, 858.0, 891.0, 897.0, 952.0, 925.0, 964.0, 980.0, 1008.0, 1078.0, 1046.0, 1086.0, 1095.0, 1154.0, 1195.0, 1285.0, 1239.0, 1248.0, 1178.0, 1224.0, 1189.0, 1263.0, 1169.0, 1255.0, 1311.0, 1200.0, 1178.0, 1271.0, 1229.0, 1305.0, 1307.0, 1351.0, 1354.0, 1449.0, 1554.0, 1559.0, 1593.0, 1615.0, 1733.0, 1628.0, 1663.0, 1734.0, 1866.0, 1913.0, 1908.0, 1907.0, 2000.0, 2034.0, 1990.0, 2135.0, 1905.0, 1988.0, 2006.0, 1976.0, 1875.0, 1853.0, 1693.0, 1709.0, 1614.0, 1386.0, 1329.0, 1298.0, 1293.0, 1305.0, 1282.0, 1199.0, 1284.0, 1210.0, 1272.0, 1195.0, 1161.0, 1147.0, 1085.0, 1105.0, 1103.0, 1099.0, 1127.0, 1028.0, 1038.0, 1092.0, 981.0, 1001.0, 964.0, 984.0, 1062.0, 1125.0, 1197.0, 1211.0, 1200.0, 1157.0, 1172.0, 1230.0, 1185.0, 1212.0, 1264.0, 1348.0, 1385.0, 1454.0, 1540.0, 1568.0, 1664.0, 1577.0, 1638.0, 1687.0, 1628.0, 1712.0, 1654.0, 1501.0, 1453.0, 1402.0, 1334.0, 1308.0, 1227.0, 1173.0, 1140.0, 1168.0, 1063.0, 1109.0, 1022.0, 954.0, 898.0, 861.0, 769.0, 669.0, 547.0, 415.0, 374.0, 273.0, 203.0, 154.0, 115.0, 95.0, 75.0, 66.0, 68.0, 55.0, 45.0, 61.0, 53.0, 58.0, 56.0, 54.0, 57.0, 64.0, 80.0, 89.0, 92.0, 181.0], "red": [7.0, 9.0, 17.0, 35.0, 194.0, 557.0, 1868.0, 1861.0, 2017.0, 2690.0, 3690.0, 4508.0, 4915.0, 4355.0, 2853.0, 2018.0, 1419.0, 1113.0, 975.0, 946.0, 948.0, 908.0, 848.0, 854.0, 900.0, 935.0, 871.0, 827.0, 732.0, 657.0, 648.0, 617.0, 625.0, 590.0, 591.0, 641.0, 618.0, 583.0, 637.0, 622.0, 671.0, 675.0, 702.0, 798.0, 717.0, 717.0, 737.0, 732.0, 770.0, 762.0, 769.0, 823.0, 799.0, 825.0, 854.0, 792.0, 851.0, 847.0, 850.0, 871.0, 823.0, 862.0, 900.0, 908.0, 917.0, 969.0, 906.0, 972.0, 1007.0, 970.0, 1003.0, 1044.0, 1006.0, 1069.0, 1063.0, 1101.0, 1133.0, 1190.0, 1193.0, 1182.0, 1155.0, 1159.0, 1283.0, 1302.0, 1228.0, 1250.0, 1296.0, 1249.0, 1256.0, 1220.0, 1171.0, 1166.0, 1163.0, 1120.0, 1026.0, 1017.0, 1095.0, 975.0, 1068.0, 996.0, 980.0, 983.0, 929.0, 953.0, 881.0, 890.0, 801.0, 807.0, 789.0, 759.0, 787.0, 743.0, 759.0, 745.0, 725.0, 738.0, 722.0, 682.0, 662.0, 687.0, 694.0, 662.0, 646.0, 677.0, 717.0, 705.0, 711.0, 719.0, 654.0, 708.0, 702.0, 712.0, 780.0, 716.0, 728.0, 730.0, 709.0, 746.0, 733.0, 771.0, 817.0, 824.0, 871.0, 966.0, 938.0, 969.0, 1049.0, 1114.0, 1158.0, 1238.0, 1221.0, 1415.0, 1345.0, 1403.0, 1489.0, 1528.0, 1501.0, 1601.0, 1647.0, 1693.0, 1704.0, 1700.0, 1674.0, 1824.0, 1824.0, 1718.0, 1733.0, 1740.0, 1717.0, 1718.0, 1703.0, 1839.0, 1834.0, 1781.0, 1877.0, 1838.0, 1840.0, 1980.0, 1916.0, 1943.0, 2001.0, 1960.0, 2042.0, 1991.0, 1999.0, 2171.0, 2220.0, 2200.0, 2139.0, 2220.0, 2165.0, 2156.0, 2089.0, 2083.0, 1957.0, 2023.0, 2078.0, 2014.0, 2099.0, 1940.0, 1891.0, 1937.0, 1787.0, 1748.0, 1692.0, 1661.0, 1795.0, 1791.0, 1862.0, 1921.0, 1924.0, 1953.0, 2017.0, 2041.0, 2007.0, 1906.0, 1867.0, 1775.0, 1734.0, 1706.0, 1631.0, 1543.0, 1459.0, 1300.0, 1173.0, 1025.0, 993.0, 915.0, 793.0, 629.0, 461.0, 366.0, 290.0, 242.0, 203.0, 166.0, 172.0, 136.0, 121.0, 104.0, 117.0, 109.0, 84.0, 80.0, 86.0, 86.0, 51.0, 47.0, 43.0, 42.0, 39.0, 41.0, 35.0, 32.0, 40.0, 178.0]}}