{"color_moments": {"L": {"mean": 35.586846405228755, "skewness": 1.5411108476480355, "std_dev": 45.68218218720407}, "a": {"mean": 131.09916258169935, "skewness": 1.3738539374475276, "std_dev": 4.44782540698465}, "b": {"mean": 135.58115298202614, "skewness": 0.8026452019008512, "std_dev": 7.638378329674025}}, "dominant_colors": [[19, 30, 37], [9, 19, 25], [83, 109, 148], [1, 1, 1], [0, 7, 6]], "histogram": {"blue": [32794.0, 7069.0, 8935.0, 8695.0, 3377.0, 7229.0, 5699.0, 4031.0, 9823.0, 6458.0, 6282.0, 4875.0, 4490.0, 5899.0, 6097.0, 3143.0, 2731.0, 2313.0, 1621.0, 1812.0, 2033.0, 1890.0, 1717.0, 1616.0, 1991.0, 1250.0, 1328.0, 1593.0, 1394.0, 1507.0, 2214.0, 1483.0, 1404.0, 1130.0, 898.0, 744.0, 723.0, 699.0, 689.0, 776.0, 660.0, 551.0, 517.0, 520.0, 470.0, 445.0, 415.0, 479.0, 452.0, 482.0, 428.0, 460.0, 446.0, 375.0, 380.0, 384.0, 389.0, 398.0, 354.0, 388.0, 371.0, 378.0, 394.0, 380.0, 417.0, 422.0, 413.0, 418.0, 455.0, 446.0, 409.0, 479.0, 423.0, 480.0, 427.0, 455.0, 459.0, 465.0, 460.0, 493.0, 466.0, 488.0, 476.0, 448.0, 495.0, 540.0, 542.0, 510.0, 465.0, 428.0, 465.0, 426.0, 399.0, 358.0, 358.0, 350.0, 331.0, 299.0, 307.0, 325.0, 334.0, 301.0, 292.0, 281.0, 259.0, 282.0, 255.0, 245.0, 233.0, 287.0, 315.0, 327.0, 330.0, 336.0, 351.0, 292.0, 305.0, 260.0, 280.0, 268.0, 272.0, 287.0, 263.0, 277.0, 286.0, 283.0, 217.0, 168.0, 137.0, 160.0, 163.0, 142.0, 147.0, 106.0, 91.0, 72.0, 65.0, 58.0, 47.0, 47.0, 47.0, 29.0, 18.0, 16.0, 13.0, 10.0, 4.0, 3.0, 4.0, 4.0, 0.0, 1.0, 1.0, 2.0, 1.0, 0.0, 0.0, 0.0, 0.0, 0.0, 0.0, 0.0, 0.0, 0.0, 0.0, 0.0, 0.0, 0.0, 0.0, 0.0, 0.0, 0.0, 0.0, 0.0, 0.0, 0.0, 0.0, 0.0, 0.0, 1.0, 0.0, 0.0, 0.0, 0.0, 0.0, 0.0, 0.0, 0.0, 0.0, 0.0, 0.0, 0.0, 0.0, 0.0, 0.0, 0.0, 0.0, 0.0, 0.0, 0.0, 0.0, 0.0, 0.0, 0.0, 0.0, 0.0, 0.0, 0.0, 0.0, 0.0, 0.0, 0.0, 0.0, 0.0, 0.0, 0.0, 0.0, 0.0, 0.0, 0.0, 0.0, 0.0, 0.0, 0.0, 0.0, 0.0, 0.0, 0.0, 0.0, 0.0, 0.0, 0.0, 0.0, 0.0, 0.0, 0.0, 0.0, 0.0, 0.0, 0.0, 0.0, 0.0, 0.0, 0.0, 0.0, 0.0, 0.0, 0.0, 0.0, 0.0, 0.0, 0.0, 0.0, 0.0, 0.0, 0.0], "green": [17147.0, 4672.0, 8645.0, 6670.0, 5435.0, 2433.0, 4616.0, 2181.0, 4399.0, 1811.0, 6296.0, 3380.0, 2369.0, 7124.0, 7071.0, 5094.0, 3484.0, 7127.0, 5490.0, 3056.0, 2461.0, 3595.0, 2401.0, 2653.0, 2114.0, 1227.0, 1251.0, 1565.0, 1390.0, 1457.0, 1402.0, 1172.0, 1110.0, 1084.0, 1085.0, 1111.0, 1341.0, 1243.0, 1439.0, 1715.0, 1152.0, 1039.0, 1377.0, 1082.0, 1078.0, 1632.0, 1778.0, 1385.0, 1345.0, 1166.0, 879.0, 665.0, 620.0, 541.0, 502.0, 700.0, 504.0, 472.0, 449.0, 473.0, 433.0, 469.0, 477.0, 411.0, 411.0, 412.0, 398.0, 388.0, 362.0, 356.0, 395.0, 336.0, 369.0, 344.0, 361.0, 324.0, 352.0, 339.0, 353.0, 299.0, 349.0, 326.0, 308.0, 352.0, 371.0, 385.0, 371.0, 394.0, 370.0, 367.0, 399.0, 358.0, 397.0, 329.0, 388.0, 362.0, 383.0, 371.0, 385.0, 400.0, 405.0, 397.0, 386.0, 403.0, 378.0, 383.0, 330.0, 404.0, 351.0, 399.0, 396.0, 380.0, 433.0, 387.0, 425.0, 388.0, 448.0, 463.0, 448.0, 461.0, 458.0, 415.0, 415.0, 418.0, 423.0, 401.0, 360.0, 350.0, 329.0, 317.0, 353.0, 289.0, 258.0, 291.0, 318.0, 341.0, 365.0, 372.0, 347.0, 383.0, 316.0, 355.0, 297.0, 299.0, 263.0, 271.0, 248.0, 247.0, 210.0, 225.0, 269.0, 231.0, 216.0, 195.0, 211.0, 219.0, 203.0, 195.0, 181.0, 121.0, 108.0, 89.0, 73.0, 70.0, 46.0, 52.0, 42.0, 43.0, 30.0, 37.0, 34.0, 17.0, 12.0, 14.0, 5.0, 5.0, 1.0, 2.0, 3.0, 2.0, 3.0, 0.0, 0.0, 1.0, 1.0, 1.0, 0.0, 0.0, 0.0, 0.0, 0.0, 0.0, 0.0, 0.0, 0.0, 0.0, 0.0, 0.0, 0.0, 0.0, 0.0, 0.0, 0.0, 0.0, 0.0, 0.0, 0.0, 0.0, 0.0, 0.0, 0.0, 0.0, 0.0, 0.0, 0.0, 0.0, 0.0, 0.0, 0.0, 0.0, 0.0, 0.0, 0.0, 0.0, 0.0, 0.0, 0.0, 0.0, 0.0, 0.0, 0.0, 0.0, 0.0, 0.0, 0.0, 0.0, 0.0, 0.0, 0.0, 0.0, 0.0, 0.0, 0.0, 0.0, 0.0, 0.0, 0.0, 0.0, 0.0, 0.0, 0.0, 0.0, 0.0, 0.0, 0.0, 0.0], "red": [17060.0, 4855.0, 9726.0, 8816.0, 3241.0, 4463.0, 1667.0, 716.0, 401.0, 372.0, 667.0, 3723.0, 1430.0, 7422.0, 3450.0, 1970.0, 6245.0, 5074.0, 4773.0, 2103.0, 4751.0, 3237.0, 2126.0, 1936.0, 2658.0, 2922.0, 1603.0, 2432.0, 3422.0, 1591.0, 2345.0, 2168.0, 1317.0, 993.0, 1006.0, 1446.0, 1116.0, 905.0, 1075.0, 856.0, 817.0, 928.0, 917.0, 1072.0, 1177.0, 1072.0, 996.0, 1162.0, 1612.0, 967.0, 1038.0, 1312.0, 924.0, 783.0, 1114.0, 1086.0, 882.0, 810.0, 1042.0, 745.0, 853.0, 748.0, 693.0, 643.0, 641.0, 645.0, 577.0, 523.0, 592.0, 488.0, 420.0, 561.0, 382.0, 369.0, 315.0, 343.0, 327.0, 323.0, 314.0, 301.0, 282.0, 325.0, 315.0, 324.0, 324.0, 324.0, 352.0, 335.0, 313.0, 289.0, 341.0, 343.0, 328.0, 307.0, 293.0, 275.0, 291.0, 288.0, 265.0, 304.0, 291.0, 282.0, 313.0, 274.0, 324.0, 283.0, 305.0, 272.0, 294.0, 296.0, 312.0, 289.0, 301.0, 288.0, 269.0, 284.0, 293.0, 275.0, 272.0, 280.0, 294.0, 307.0, 294.0, 327.0, 303.0, 310.0, 306.0, 286.0, 351.0, 318.0, 292.0, 289.0, 287.0, 305.0, 352.0, 314.0, 316.0, 301.0, 362.0, 329.0, 318.0, 311.0, 299.0, 319.0, 298.0, 313.0, 318.0, 337.0, 304.0, 315.0, 348.0, 358.0, 338.0, 373.0, 356.0, 351.0, 340.0, 343.0, 340.0, 290.0, 327.0, 341.0, 335.0, 355.0, 331.0, 363.0, 332.0, 303.0, 261.0, 281.0, 257.0, 254.0, 242.0, 239.0, 255.0, 264.0, 263.0, 267.0, 272.0, 274.0, 269.0, 304.0, 267.0, 305.0, 272.0, 294.0, 296.0, 312.0, 270.0, 284.0, 291.0, 261.0, 275.0, 288.0, 289.0, 258.0, 251.0, 216.0, 240.0, 200.0, 193.0, 199.0, 175.0, 139.0, 106.0, 82.0, 51.0, 45.0, 44.0, 26.0, 29.0, 25.0, 10.0, 10.0, 4.0, 3.0, 3.0, 2.0, 2.0, 2.0, 3.0, 1.0, 2.0, 2.0, 0.0, 2.0, 0.0, 0.0, 0.0, 1.0, 1.0, 0.0, 0.0, 0.0, 0.0, 0.0, 0.0, 0.0, 0.0, 0.0, 0.0, 0.0, 0.0, 0.0, 0.0, 0.0, 0.0, 0.0, 0.0, 0.0, 0.0, 0.0, 0.0, 0.0, 0.0, 0.0]}}