{"color_moments": {"L": {"mean": 151.75671938907232, "skewness": -0.6111182529379169, "std_dev": 72.18970372017644}, "a": {"mean": 128.0, "skewness": NaN, "std_dev": 0.0}, "b": {"mean": 128.0, "skewness": NaN, "std_dev": 0.0}}, "dominant_colors": [[186, 186, 186], [228, 228, 228], [140, 140, 140], [84, 84, 84], [23, 23, 23]], "histogram": {"blue": [435.0, 167.0, 256.0, 314.0, 469.0, 1014.0, 1991.0, 2713.0, 2164.0, 1815.0, 1499.0, 1436.0, 1170.0, 1157.0, 924.0, 896.0, 798.0, 777.0, 759.0, 706.0, 656.0, 646.0, 580.0, 600.0, 590.0, 593.0, 552.0, 562.0, 512.0, 614.0, 602.0, 560.0, 596.0, 623.0, 605.0, 581.0, 573.0, 592.0, 592.0, 603.0, 546.0, 638.0, 608.0, 662.0, 666.0, 633.0, 643.0, 650.0, 684.0, 706.0, 732.0, 751.0, 687.0, 715.0, 771.0, 731.0, 751.0, 737.0, 789.0, 806.0, 722.0, 798.0, 792.0, 804.0, 797.0, 812.0, 858.0, 824.0, 800.0, 767.0, 742.0, 751.0, 778.0, 791.0, 779.0, 757.0, 749.0, 784.0, 735.0, 826.0, 863.0, 860.0, 806.0, 818.0, 805.0, 783.0, 765.0, 752.0, 817.0, 776.0, 846.0, 867.0, 834.0, 850.0, 868.0, 907.0, 927.0, 976.0, 1042.0, 981.0, 939.0, 973.0, 995.0, 945.0, 1061.0, 935.0, 949.0, 980.0, 914.0, 950.0, 968.0, 907.0, 961.0, 924.0, 900.0, 932.0, 997.0, 950.0, 981.0, 933.0, 929.0, 862.0, 937.0, 968.0, 906.0, 867.0, 937.0, 870.0, 980.0, 932.0, 973.0, 952.0, 990.0, 1015.0, 1042.0, 987.0, 990.0, 1049.0, 1021.0, 1015.0, 1127.0, 1043.0, 1068.0, 1103.0, 1158.0, 1134.0, 1073.0, 1194.0, 1202.0, 1257.0, 1308.0, 1297.0, 1336.0, 1306.0, 1370.0, 1386.0, 1371.0, 1415.0, 1415.0, 1428.0, 1359.0, 1300.0, 1298.0, 1366.0, 1430.0, 1486.0, 1629.0, 1619.0, 1543.0, 1536.0, 1580.0, 1538.0, 1524.0, 1519.0, 1569.0, 1643.0, 1609.0, 1716.0, 1735.0, 1780.0, 1855.0, 1769.0, 1877.0, 1747.0, 1762.0, 1623.0, 1645.0, 1657.0, 1686.0, 1731.0, 1664.0, 1816.0, 1765.0, 1948.0, 1937.0, 1977.0, 2059.0, 1978.0, 2056.0, 2007.0, 2056.0, 2022.0, 2004.0, 1975.0, 1905.0, 1997.0, 2012.0, 1911.0, 1893.0, 1783.0, 1780.0, 1746.0, 1653.0, 1544.0, 1447.0, 1284.0, 1218.0, 1204.0, 1127.0, 1088.0, 1086.0, 1064.0, 1151.0, 1088.0, 1111.0, 1190.0, 1236.0, 1332.0, 1498.0, 1294.0, 1604.0, 1509.0, 1355.0, 1688.0, 1792.0, 1512.0, 2048.0, 2482.0, 3519.0, 5446.0, 1887.0, 4687.0, 1059.0, 906.0, 1161.0, 803.0, 4017.0, 271.0, 52.0, 34.0, 34.0, 29.0, 20.0, 28.0, 11.0, 67.0], "green": [435.0, 167.0, 256.0, 314.0, 469.0, 1014.0, 1991.0, 2713.0, 2164.0, 1815.0, 1499.0, 1436.0, 1170.0, 1157.0, 924.0, 896.0, 798.0, 777.0, 759.0, 706.0, 656.0, 646.0, 580.0, 600.0, 590.0, 593.0, 552.0, 562.0, 512.0, 614.0, 602.0, 560.0, 596.0, 623.0, 605.0, 581.0, 573.0, 592.0, 592.0, 603.0, 546.0, 638.0, 608.0, 662.0, 666.0, 633.0, 643.0, 650.0, 684.0, 706.0, 732.0, 751.0, 687.0, 715.0, 771.0, 731.0, 751.0, 737.0, 789.0, 806.0, 722.0, 798.0, 792.0, 804.0, 797.0, 812.0, 858.0, 824.0, 800.0, 767.0, 742.0, 751.0, 778.0, 791.0, 779.0, 757.0, 749.0, 784.0, 735.0, 826.0, 863.0, 860.0, 806.0, 818.0, 805.0, 783.0, 765.0, 752.0, 817.0, 776.0, 846.0, 867.0, 834.0, 850.0, 868.0, 907.0, 927.0, 976.0, 1042.0, 981.0, 939.0, 973.0, 995.0, 945.0, 1061.0, 935.0, 949.0, 980.0, 914.0, 950.0, 968.0, 907.0, 961.0, 924.0, 900.0, 932.0, 997.0, 950.0, 981.0, 933.0, 929.0, 862.0, 937.0, 968.0, 906.0, 867.0, 937.0, 870.0, 980.0, 932.0, 973.0, 952.0, 990.0, 1015.0, 1042.0, 987.0, 990.0, 1049.0, 1021.0, 1015.0, 1127.0, 1043.0, 1068.0, 1103.0, 1158.0, 1134.0, 1073.0, 1194.0, 1202.0, 1257.0, 1308.0, 1297.0, 1336.0, 1306.0, 1370.0, 1386.0, 1371.0, 1415.0, 1415.0, 1428.0, 1359.0, 1300.0, 1298.0, 1366.0, 1430.0, 1486.0, 1629.0, 1619.0, 1543.0, 1536.0, 1580.0, 1538.0, 1524.0, 1519.0, 1569.0, 1643.0, 1609.0, 1716.0, 1735.0, 1780.0, 1855.0, 1769.0, 1877.0, 1747.0, 1762.0, 1623.0, 1645.0, 1657.0, 1686.0, 1731.0, 1664.0, 1816.0, 1765.0, 1948.0, 1937.0, 1977.0, 2059.0, 1978.0, 2056.0, 2007.0, 2056.0, 2022.0, 2004.0, 1975.0, 1905.0, 1997.0, 2012.0, 1911.0, 1893.0, 1783.0, 1780.0, 1746.0, 1653.0, 1544.0, 1447.0, 1284.0, 1218.0, 1204.0, 1127.0, 1088.0, 1086.0, 1064.0, 1151.0, 1088.0, 1111.0, 1190.0, 1236.0, 1332.0, 1498.0, 1294.0, 1604.0, 1509.0, 1355.0, 1688.0, 1792.0, 1512.0, 2048.0, 2482.0, 3519.0, 5446.0, 1887.0, 4687.0, 1059.0, 906.0, 1161.0, 803.0, 4017.0, 271.0, 52.0, 34.0, 34.0, 29.0, 20.0, 28.0, 11.0, 67.0], "red": [435.0, 167.0, 256.0, 314.0, 469.0, 1014.0, 1991.0, 2713.0, 2164.0, 1815.0, 1499.0, 1436.0, 1170.0, 1157.0, 924.0, 896.0, 798.0, 777.0, 759.0, 706.0, 656.0, 646.0, 580.0, 600.0, 590.0, 593.0, 552.0, 562.0, 512.0, 614.0, 602.0, 560.0, 596.0, 623.0, 605.0, 581.0, 573.0, 592.0, 592.0, 603.0, 546.0, 638.0, 608.0, 662.0, 666.0, 633.0, 643.0, 650.0, 684.0, 706.0, 732.0, 751.0, 687.0, 715.0, 771.0, 731.0, 751.0, 737.0, 789.0, 806.0, 722.0, 798.0, 792.0, 804.0, 797.0, 812.0, 858.0, 824.0, 800.0, 767.0, 742.0, 751.0, 778.0, 791.0, 779.0, 757.0, 749.0, 784.0, 735.0, 826.0, 863.0, 860.0, 806.0, 818.0, 805.0, 783.0, 765.0, 752.0, 817.0, 776.0, 846.0, 867.0, 834.0, 850.0, 868.0, 907.0, 927.0, 976.0, 1042.0, 981.0, 939.0, 973.0, 995.0, 945.0, 1061.0, 935.0, 949.0, 980.0, 914.0, 950.0, 968.0, 907.0, 961.0, 924.0, 900.0, 932.0, 997.0, 950.0, 981.0, 933.0, 929.0, 862.0, 937.0, 968.0, 906.0, 867.0, 937.0, 870.0, 980.0, 932.0, 973.0, 952.0, 990.0, 1015.0, 1042.0, 987.0, 990.0, 1049.0, 1021.0, 1015.0, 1127.0, 1043.0, 1068.0, 1103.0, 1158.0, 1134.0, 1073.0, 1194.0, 1202.0, 1257.0, 1308.0, 1297.0, 1336.0, 1306.0, 1370.0, 1386.0, 1371.0, 1415.0, 1415.0, 1428.0, 1359.0, 1300.0, 1298.0, 1366.0, 1430.0, 1486.0, 1629.0, 1619.0, 1543.0, 1536.0, 1580.0, 1538.0, 1524.0, 1519.0, 1569.0, 1643.0, 1609.0, 1716.0, 1735.0, 1780.0, 1855.0, 1769.0, 1877.0, 1747.0, 1762.0, 1623.0, 1645.0, 1657.0, 1686.0, 1731.0, 1664.0, 1816.0, 1765.0, 1948.0, 1937.0, 1977.0, 2059.0, 1978.0, 2056.0, 2007.0, 2056.0, 2022.0, 2004.0, 1975.0, 1905.0, 1997.0, 2012.0, 1911.0, 1893.0, 1783.0, 1780.0, 1746.0, 1653.0, 1544.0, 1447.0, 1284.0, 1218.0, 1204.0, 1127.0, 1088.0, 1086.0, 1064.0, 1151.0, 1088.0, 1111.0, 1190.0, 1236.0, 1332.0, 1498.0, 1294.0, 1604.0, 1509.0, 1355.0, 1688.0, 1792.0, 1512.0, 2048.0, 2482.0, 3519.0, 5446.0, 1887.0, 4687.0, 1059.0, 906.0, 1161.0, 803.0, 4017.0, 271.0, 52.0, 34.0, 34.0, 29.0, 20.0, 28.0, 11.0, 67.0]}}