{"color_moments": {"L": {"mean": 170.9790792400477, "skewness": -1.637664550840052, "std_dev": 41.669147575993165}, "a": {"mean": 130.0947704549624, "skewness": -0.04330043737240549, "std_dev": 1.0350496573194856}, "b": {"mean": 134.73348783480097, "skewness": 0.6335133997749676, "std_dev": 2.6749840183997287}}, "dominant_colors": [[163, 171, 181], [179, 194, 207], [60, 65, 70], [105, 113, 124], [57, 55, 59]], "histogram": {"blue": [0.0, 0.0, 0.0, 0.0, 0.0, 0.0, 0.0, 0.0, 0.0, 0.0, 0.0, 0.0, 0.0, 0.0, 0.0, 0.0, 0.0, 0.0, 0.0, 0.0, 0.0, 1.0, 0.0, 2.0, 6.0, 4.0, 6.0, 7.0, 5.0, 8.0, 18.0, 24.0, 24.0, 25.0, 30.0, 30.0, 39.0, 54.0, 53.0, 57.0, 66.0, 61.0, 98.0, 164.0, 307.0, 509.0, 893.0, 1562.0, 2292.0, 2976.0, 3263.0, 3469.0, 3509.0, 3353.0, 3482.0, 3336.0, 3360.0, 3497.0, 3536.0, 3582.0, 3604.0, 3469.0, 3308.0, 3259.0, 3046.0, 2711.0, 2486.0, 2335.0, 2008.0, 1819.0, 1704.0, 1488.0, 1388.0, 1220.0, 1112.0, 1036.0, 984.0, 919.0, 819.0, 792.0, 766.0, 740.0, 693.0, 697.0, 585.0, 623.0, 572.0, 590.0, 522.0, 548.0, 545.0, 552.0, 526.0, 486.0, 475.0, 545.0, 528.0, 517.0, 506.0, 501.0, 560.0, 510.0, 525.0, 549.0, 527.0, 524.0, 500.0, 488.0, 546.0, 560.0, 523.0, 485.0, 497.0, 520.0, 488.0, 528.0, 554.0, 525.0, 534.0, 539.0, 551.0, 602.0, 606.0, 613.0, 623.0, 708.0, 621.0, 689.0, 710.0, 678.0, 668.0, 700.0, 749.0, 738.0, 803.0, 871.0, 869.0, 924.0, 915.0, 1007.0, 1083.0, 1144.0, 1189.0, 1289.0, 1400.0, 1576.0, 1887.0, 2176.0, 2797.0, 3651.0, 4833.0, 6368.0, 8261.0, 10572.0, 12855.0, 14791.0, 16628.0, 17491.0, 18504.0, 18958.0, 19041.0, 18550.0, 17766.0, 17248.0, 17009.0, 16958.0, 17775.0, 18431.0, 18794.0, 18688.0, 18601.0, 18297.0, 17637.0, 17318.0, 16330.0, 15778.0, 14654.0, 13931.0, 13105.0, 11793.0, 10318.0, 8962.0, 8224.0, 7907.0, 6950.0, 6505.0, 5775.0, 5039.0, 4277.0, 3825.0, 3372.0, 2904.0, 2504.0, 2197.0, 1811.0, 1686.0, 1351.0, 1206.0, 977.0, 829.0, 660.0, 571.0, 480.0, 373.0, 295.0, 241.0, 214.0, 190.0, 169.0, 134.0, 132.0, 144.0, 124.0, 147.0, 137.0, 148.0, 148.0, 139.0, 132.0, 161.0, 194.0, 210.0, 209.0, 178.0, 143.0, 129.0, 114.0, 78.0, 50.0, 29.0, 13.0, 6.0, 0.0, 0.0, 1.0, 0.0, 0.0, 0.0, 0.0, 0.0, 0.0, 0.0, 0.0, 0.0, 0.0, 0.0, 0.0, 0.0, 0.0, 0.0, 0.0, 0.0, 0.0, 0.0, 0.0, 0.0], "green": [0.0, 0.0, 0.0, 0.0, 0.0, 0.0, 0.0, 0.0, 0.0, 0.0, 0.0, 0.0, 0.0, 0.0, 0.0, 0.0, 0.0, 0.0, 0.0, 0.0, 0.0, 1.0, 3.0, 9.0, 3.0, 4.0, 5.0, 6.0, 15.0, 16.0, 16.0, 12.0, 25.0, 35.0, 46.0, 50.0, 39.0, 36.0, 42.0, 47.0, 48.0, 58.0, 37.0, 55.0, 85.0, 131.0, 182.0, 308.0, 561.0, 853.0, 1342.0, 1973.0, 2728.0, 3046.0, 3179.0, 3012.0, 2874.0, 2886.0, 2774.0, 3013.0, 3089.0, 3331.0, 3190.0, 3445.0, 3329.0, 3223.0, 3088.0, 2770.0, 2596.0, 2379.0, 2173.0, 2029.0, 1923.0, 1828.0, 1716.0, 1599.0, 1531.0, 1321.0, 1246.0, 1156.0, 1068.0, 985.0, 922.0, 902.0, 850.0, 803.0, 759.0, 735.0, 675.0, 684.0, 632.0, 566.0, 640.0, 613.0, 580.0, 600.0, 552.0, 515.0, 561.0, 507.0, 523.0, 506.0, 498.0, 500.0, 507.0, 523.0, 508.0, 483.0, 512.0, 485.0, 523.0, 479.0, 485.0, 505.0, 513.0, 497.0, 506.0, 497.0, 499.0, 485.0, 500.0, 519.0, 509.0, 521.0, 523.0, 521.0, 552.0, 576.0, 566.0, 586.0, 604.0, 632.0, 686.0, 634.0, 680.0, 710.0, 649.0, 680.0, 694.0, 733.0, 698.0, 748.0, 744.0, 782.0, 821.0, 835.0, 866.0, 946.0, 963.0, 999.0, 1136.0, 1193.0, 1359.0, 1592.0, 1979.0, 2526.0, 3396.0, 4408.0, 5671.0, 7131.0, 8519.0, 9995.0, 11062.0, 11962.0, 13162.0, 14412.0, 15147.0, 15578.0, 15697.0, 15412.0, 15037.0, 14639.0, 14467.0, 14371.0, 15453.0, 16511.0, 17171.0, 17651.0, 17353.0, 16895.0, 16300.0, 15407.0, 14540.0, 13711.0, 13354.0, 12412.0, 11759.0, 11106.0, 10074.0, 9131.0, 8192.0, 7527.0, 7182.0, 6774.0, 6654.0, 6439.0, 6181.0, 6149.0, 6096.0, 6276.0, 5913.0, 5571.0, 5154.0, 4675.0, 4118.0, 3637.0, 3134.0, 2827.0, 2392.0, 2235.0, 1912.0, 1747.0, 1489.0, 1403.0, 1218.0, 1130.0, 1087.0, 961.0, 903.0, 854.0, 796.0, 744.0, 630.0, 581.0, 447.0, 400.0, 341.0, 294.0, 244.0, 210.0, 187.0, 163.0, 141.0, 138.0, 133.0, 109.0, 107.0, 109.0, 127.0, 152.0, 125.0, 169.0, 188.0, 200.0, 217.0, 222.0, 182.0, 180.0, 153.0, 141.0, 90.0, 67.0, 34.0, 16.0, 4.0, 1.0], "red": [0.0, 0.0, 0.0, 0.0, 0.0, 0.0, 0.0, 0.0, 0.0, 0.0, 0.0, 0.0, 0.0, 0.0, 0.0, 0.0, 0.0, 0.0, 0.0, 0.0, 0.0, 0.0, 0.0, 0.0, 0.0, 0.0, 0.0, 0.0, 1.0, 0.0, 3.0, 1.0, 9.0, 5.0, 4.0, 8.0, 7.0, 9.0, 18.0, 14.0, 17.0, 21.0, 27.0, 40.0, 49.0, 47.0, 48.0, 86.0, 100.0, 232.0, 380.0, 612.0, 1058.0, 1576.0, 1963.0, 2242.0, 2494.0, 2575.0, 2590.0, 2479.0, 2382.0, 2372.0, 2415.0, 2432.0, 2416.0, 2380.0, 2643.0, 2590.0, 2735.0, 2757.0, 2511.0, 2468.0, 2339.0, 2254.0, 2074.0, 1981.0, 1946.0, 1815.0, 1729.0, 1699.0, 1688.0, 1510.0, 1448.0, 1415.0, 1344.0, 1268.0, 1126.0, 1140.0, 1029.0, 934.0, 900.0, 867.0, 839.0, 795.0, 774.0, 760.0, 677.0, 716.0, 619.0, 603.0, 615.0, 595.0, 576.0, 540.0, 549.0, 520.0, 500.0, 524.0, 479.0, 520.0, 462.0, 457.0, 480.0, 427.0, 505.0, 468.0, 523.0, 479.0, 496.0, 467.0, 493.0, 508.0, 501.0, 478.0, 524.0, 526.0, 499.0, 474.0, 520.0, 518.0, 467.0, 501.0, 493.0, 501.0, 500.0, 486.0, 505.0, 553.0, 540.0, 575.0, 606.0, 633.0, 592.0, 618.0, 620.0, 631.0, 668.0, 707.0, 671.0, 698.0, 685.0, 748.0, 754.0, 743.0, 783.0, 821.0, 873.0, 940.0, 944.0, 1009.0, 1041.0, 1160.0, 1271.0, 1688.0, 2050.0, 2590.0, 3265.0, 4279.0, 5451.0, 6767.0, 7829.0, 8966.0, 9933.0, 11083.0, 12115.0, 13339.0, 13802.0, 14058.0, 13813.0, 13836.0, 13484.0, 13634.0, 13807.0, 14334.0, 15400.0, 16571.0, 16617.0, 16890.0, 16669.0, 16215.0, 15730.0, 15295.0, 14667.0, 13959.0, 13046.0, 12062.0, 11383.0, 10794.0, 9791.0, 9257.0, 8596.0, 8043.0, 7531.0, 7367.0, 7275.0, 6936.0, 6746.0, 6716.0, 6533.0, 6459.0, 6362.0, 6537.0, 6219.0, 5838.0, 5461.0, 4921.0, 4438.0, 3879.0, 3535.0, 3039.0, 2779.0, 2425.0, 2193.0, 1894.0, 1663.0, 1490.0, 1328.0, 1295.0, 1074.0, 1070.0, 919.0, 922.0, 799.0, 746.0, 667.0, 629.0, 513.0, 439.0, 364.0, 297.0, 265.0, 219.0, 192.0, 164.0, 165.0, 165.0, 147.0, 155.0, 122.0, 131.0, 196.0, 202.0, 257.0, 226.0, 252.0, 799.0]}}